,mean_c-index,std_c-index,mean_brier_score,std_brier_score
0.25,0.64215865339097,0.016622498842660757,0.15855276189668385,0.0008905027513892746
0.5,0.6511130952952876,0.00589910779244892,0.22556018092226285,0.00114585519228014
0.75,0.6618274904002722,0.004183575607995539,0.17111468598607169,0.0033718982879664358
0.9,0.6578130636282352,0.002244607022589188,0.0993033006394326,0.0010064032407092456
